timestamp,accel.x,accel.y,accel.z,gyro.x,gyro.y,gyro.z,label
724981,-0.45,-0.88,-11.86,0.04,0.07,0.02,frisson_allonge
724995,-0.26,-0.86,-11.62,0.04,0.02,0.01,frisson_allonge
725009,-0.53,-0.88,-11.40,0.05,0.01,-0.00,frisson_allonge
725023,-0.48,-0.97,-11.26,0.03,0.04,-0.01,frisson_allonge
725037,-0.39,-1.12,-10.91,0.02,0.06,-0.02,frisson_allonge
725051,-0.38,-1.29,-10.62,-0.01,0.04,-0.03,frisson_allonge
725065,-0.28,-1.20,-10.91,-0.03,0.05,-0.01,frisson_allonge
725079,-0.14,-1.21,-11.08,-0.05,0.03,0.01,frisson_allonge
725093,-0.34,-1.06,-11.30,-0.05,-0.01,0.03,frisson_allonge
725107,-0.08,-0.95,-11.72,-0.05,-0.05,0.04,frisson_allonge
725121,0.04,-0.88,-11.87,-0.03,-0.21,0.05,frisson_allonge
725135,0.14,-0.87,-11.85,-0.01,-0.37,0.05,frisson_allonge
725149,-0.03,-0.84,-11.87,0.01,-0.60,0.05,frisson_allonge
725163,-0.35,-0.86,-11.42,0.03,-0.72,0.05,frisson_allonge
725177,-0.87,-0.87,-11.34,0.04,-0.73,0.05,frisson_allonge
725191,-1.40,-0.94,-11.27,0.05,-0.53,0.06,frisson_allonge
725205,-1.53,-1.04,-11.33,0.05,-0.31,0.07,frisson_allonge
725219,-1.38,-1.10,-11.34,0.06,-0.16,0.06,frisson_allonge
725233,-1.49,-1.14,-11.09,0.06,-0.07,0.06,frisson_allonge
725247,-1.82,-1.15,-10.72,0.05,0.02,0.04,frisson_allonge
725261,-2.43,-1.11,-10.37,0.05,0.28,0.02,frisson_allonge
725275,-3.15,-0.94,-10.60,0.03,0.88,-0.00,frisson_allonge
725289,-2.15,-0.92,-11.56,0.03,1.61,-0.02,frisson_allonge
725303,-0.60,-0.95,-12.33,0.06,1.89,-0.02,frisson_allonge
725317,0.98,-1.07,-12.42,0.08,1.55,-0.05,frisson_allonge
725331,2.08,-1.33,-11.68,0.08,0.53,-0.09,frisson_allonge
725345,2.16,-1.20,-11.22,0.05,-0.56,-0.12,frisson_allonge
725359,1.71,-1.01,-11.34,0.05,-1.57,-0.14,frisson_allonge
725373,-0.17,-0.92,-11.48,0.07,-1.97,-0.13,frisson_allonge
725387,-0.82,-1.16,-11.17,0.06,-1.84,-0.11,frisson_allonge
725401,-1.71,-1.15,-10.57,0.03,-1.53,-0.07,frisson_allonge
725415,-3.53,-1.19,-10.09,0.03,-0.60,-0.05,frisson_allonge
725429,-2.38,-1.13,-10.36,-0.01,0.34,-0.04,frisson_allonge
725443,-1.59,-1.20,-10.90,-0.01,0.92,-0.00,frisson_allonge
725457,-1.10,-1.29,-11.18,-0.02,1.23,0.02,frisson_allonge
725471,-0.46,-1.10,-11.50,-0.01,1.22,0.03,frisson_allonge
725485,1.13,-1.17,-11.75,-0.01,0.71,0.02,frisson_allonge
725499,0.48,-1.01,-11.79,-0.00,-0.01,0.02,frisson_allonge
725513,-0.08,-0.95,-11.83,0.02,-0.41,0.00,frisson_allonge
725527,-0.54,-0.99,-11.74,0.04,-0.60,0.01,frisson_allonge
725541,-0.99,-1.07,-11.32,0.04,-0.60,0.01,frisson_allonge
725555,-1.98,-0.85,-11.14,0.07,-0.29,0.01,frisson_allonge
725569,-2.21,-0.96,-11.07,0.08,0.27,-0.01,frisson_allonge
725583,-1.83,-1.07,-11.32,0.08,0.76,-0.01,frisson_allonge
725597,-1.09,-1.11,-11.31,0.08,1.02,-0.00,frisson_allonge
725611,-0.11,-1.30,-11.37,0.08,0.91,-0.01,frisson_allonge
725625,0.40,-1.29,-11.17,0.06,0.47,0.00,frisson_allonge
725639,0.52,-1.28,-11.23,0.04,-0.06,-0.01,frisson_allonge
725653,-0.11,-1.21,-11.23,0.03,-0.42,-0.00,frisson_allonge
725667,-0.44,-1.27,-11.24,0.01,-0.61,-0.01,frisson_allonge
725681,-1.10,-1.07,-11.25,0.03,-0.53,0.00,frisson_allonge
725695,-1.45,-1.07,-11.23,0.04,-0.15,-0.00,frisson_allonge
725709,-1.09,-1.14,-11.25,0.03,0.16,-0.00,frisson_allonge
725723,-0.81,-1.10,-11.32,0.03,0.29,0.00,frisson_allonge
725737,-0.43,-1.15,-11.24,0.03,0.25,0.01,frisson_allonge
725751,-0.24,-1.15,-11.27,0.02,0.13,0.02,frisson_allonge
725765,-0.05,-1.24,-11.17,0.00,-0.04,0.02,frisson_allonge
725779,-0.22,-1.19,-11.15,-0.02,-0.23,0.03,frisson_allonge
725793,-0.54,-1.16,-11.01,-0.04,-0.38,0.03,frisson_allonge
725807,-1.17,-1.06,-11.09,-0.03,-0.33,0.04,frisson_allonge
725821,-1.73,-1.11,-11.21,-0.00,-0.03,0.03,frisson_allonge
725835,-1.69,-1.16,-11.56,0.01,0.30,0.02,frisson_allonge
725849,-1.29,-1.16,-11.75,0.02,0.56,0.01,frisson_allonge
725863,-0.76,-1.20,-11.73,0.04,0.59,0.01,frisson_allonge
725877,-0.51,-1.26,-11.29,0.05,0.47,0.02,frisson_allonge
725891,-0.21,-1.23,-11.13,0.04,0.31,0.01,frisson_allonge
725905,-0.05,-1.17,-11.34,0.03,0.00,0.00,frisson_allonge
725919,-0.39,-1.19,-11.51,0.03,-0.14,-0.01,frisson_allonge
725933,-0.40,-1.19,-11.72,0.04,-0.26,-0.02,frisson_allonge
725947,-0.40,-1.13,-11.92,0.06,-0.36,-0.01,frisson_allonge
725961,-0.51,-1.13,-11.67,0.07,-0.42,-0.01,frisson_allonge
725975,-0.93,-0.98,-11.17,0.09,-0.38,-0.00,frisson_allonge
725989,-1.12,-1.11,-10.80,0.09,-0.15,-0.01,frisson_allonge
726003,-0.92,-1.15,-10.81,0.06,0.06,-0.00,frisson_allonge
726017,-0.75,-1.27,-10.69,0.04,0.14,0.00,frisson_allonge
726031,-0.59,-1.35,-10.63,-0.00,0.10,0.01,frisson_allonge
726045,-0.61,-1.40,-10.76,-0.03,0.03,0.03,frisson_allonge
726059,-0.66,-1.34,-11.05,-0.06,-0.05,0.05,frisson_allonge
726073,-0.77,-1.18,-11.49,-0.06,-0.06,0.06,frisson_allonge
726087,-0.97,-1.15,-11.60,-0.04,0.01,0.07,frisson_allonge
726101,-0.95,-1.10,-11.79,-0.02,0.08,0.06,frisson_allonge
726115,-1.04,-1.03,-11.57,-0.00,0.13,0.04,frisson_allonge
726129,-0.71,-1.09,-11.48,0.01,0.11,0.03,frisson_allonge
726143,-0.68,-1.09,-11.43,0.02,0.02,0.02,frisson_allonge
726157,-0.74,-1.17,-11.41,0.02,-0.06,0.01,frisson_allonge
726171,-0.89,-1.18,-11.52,0.03,-0.12,0.01,frisson_allonge
726185,-1.03,-1.24,-11.37,0.03,-0.12,0.01,frisson_allonge
726199,-0.98,-1.23,-11.26,0.03,-0.09,0.00,frisson_allonge
726213,-1.12,-1.24,-10.93,0.03,-0.06,-0.01,frisson_allonge
726227,-0.93,-1.24,-11.09,0.01,-0.07,-0.01,frisson_allonge
726241,-0.82,-1.24,-11.13,0.01,-0.10,-0.01,frisson_allonge
726255,-0.36,-1.29,-11.18,-0.01,-0.28,-0.01,frisson_allonge
726269,-0.54,-1.15,-11.30,-0.01,-0.49,0.01,frisson_allonge
726283,-0.88,-1.16,-11.32,-0.01,-0.54,0.02,frisson_allonge
726297,-1.37,-1.08,-11.18,-0.01,-0.41,0.04,frisson_allonge
726311,-1.71,-1.12,-11.00,-0.01,-0.08,0.04,frisson_allonge
726325,-1.58,-1.12,-11.18,-0.00,0.20,0.03,frisson_allonge
726339,-1.46,-1.11,-11.27,-0.00,0.42,0.03,frisson_allonge
726353,-1.24,-1.16,-11.40,0.00,0.50,0.02,frisson_allonge
726367,-1.16,-1.18,-11.38,0.01,0.48,0.02,frisson_allonge
726381,-1.10,-1.24,-11.27,0.01,0.38,0.01,frisson_allonge
726395,-0.27,-1.30,-11.41,-0.00,0.10,-0.00,frisson_allonge
726409,-0.38,-1.14,-11.45,0.00,-0.19,0.00,frisson_allonge
726423,-0.61,-1.20,-11.39,0.01,-0.40,0.00,frisson_allonge
726437,-1.30,-1.09,-11.44,0.02,-0.43,-0.00,frisson_allonge
726451,-1.86,-1.06,-11.25,0.04,-0.11,-0.01,frisson_allonge
726465,-1.39,-1.05,-11.17,0.04,0.21,-0.01,frisson_allonge
726479,-1.34,-1.00,-10.95,0.04,0.36,-0.01,frisson_allonge
726493,-1.26,-1.00,-11.02,0.01,0.54,0.01,frisson_allonge
726507,-0.83,-1.25,-11.28,0.00,0.55,0.02,frisson_allonge
726521,-0.40,-1.30,-11.24,-0.00,0.40,0.02,frisson_allonge
726535,-0.29,-1.37,-11.45,-0.00,0.12,0.01,frisson_allonge
726549,-0.51,-1.19,-11.32,-0.00,-0.04,0.01,frisson_allonge
726563,-0.54,-1.32,-11.40,-0.01,-0.19,0.00,frisson_allonge
726577,-0.74,-1.19,-11.48,0.00,-0.31,0.01,frisson_allonge
726591,-0.92,-1.12,-11.24,0.00,-0.32,0.01,frisson_allonge
726605,-1.51,-0.95,-11.09,0.02,-0.18,0.01,frisson_allonge
726619,-1.67,-1.07,-11.06,0.02,0.10,0.01,frisson_allonge
726633,-1.43,-1.06,-11.17,0.02,0.36,0.01,frisson_allonge
726647,-1.07,-1.16,-11.29,0.02,0.51,0.01,frisson_allonge
726661,-0.68,-1.17,-11.40,0.02,0.48,0.01,frisson_allonge
726675,-0.62,-1.19,-11.45,0.02,0.35,0.01,frisson_allonge
726689,-0.52,-1.20,-11.46,0.02,0.17,-0.00,frisson_allonge
726703,-0.69,-1.18,-11.48,0.02,-0.02,-0.00,frisson_allonge
726717,-0.74,-1.31,-11.18,0.01,-0.07,-0.01,frisson_allonge
726731,-0.87,-1.25,-11.03,-0.00,-0.06,-0.01,frisson_allonge
726745,-0.95,-1.26,-10.90,-0.02,0.05,-0.00,frisson_allonge
726759,-0.78,-1.17,-11.23,-0.02,0.09,0.01,frisson_allonge
726773,-0.65,-1.12,-11.44,-0.01,0.08,0.02,frisson_allonge
726787,-0.43,-1.10,-11.41,-0.00,0.01,0.01,frisson_allonge
726801,-0.59,-1.17,-11.19,-0.01,-0.06,0.02,frisson_allonge
726815,-0.57,-1.10,-11.24,-0.02,-0.15,0.01,frisson_allonge
726829,-0.53,-1.08,-11.41,-0.01,-0.29,0.01,frisson_allonge
726843,-0.68,-1.15,-11.41,-0.00,-0.37,0.03,frisson_allonge
726857,-1.01,-1.15,-11.46,-0.00,-0.34,0.03,frisson_allonge
726871,-1.34,-1.10,-11.48,0.01,-0.22,0.03,frisson_allonge
726885,-1.20,-1.12,-11.40,0.03,-0.08,0.01,frisson_allonge
726899,-1.01,-1.08,-11.28,0.03,-0.09,0.01,frisson_allonge
726913,-0.93,-1.16,-11.06,0.03,-0.12,-0.00,frisson_allonge
726927,-0.51,-1.23,-11.11,0.01,-0.40,-0.01,frisson_allonge
726941,-1.00,-1.12,-11.18,0.00,-0.60,-0.01,frisson_allonge
726955,-1.13,-1.23,-11.07,-0.01,-0.69,-0.00,frisson_allonge
726969,-1.68,-1.05,-11.04,-0.01,-0.61,0.01,frisson_allonge
726983,-2.35,-1.03,-11.09,0.01,-0.27,0.01,frisson_allonge
726997,-2.47,-0.99,-10.91,0.02,0.14,-0.00,frisson_allonge
727011,-2.91,-1.04,-10.84,0.02,0.68,-0.01,frisson_allonge
727025,-2.34,-1.05,-11.20,0.02,1.23,-0.04,frisson_allonge
727039,-1.39,-1.05,-11.53,0.03,1.48,-0.04,frisson_allonge
727053,-0.00,-1.23,-11.59,0.03,1.37,-0.05,frisson_allonge
727067,1.23,-1.39,-11.55,0.01,0.46,-0.06,frisson_allonge
727081,1.10,-1.31,-11.52,0.00,-0.43,-0.07,frisson_allonge
727095,0.72,-1.10,-11.53,0.01,-1.30,-0.07,frisson_allonge
727109,-0.44,-1.06,-11.47,0.01,-1.73,-0.05,frisson_allonge
727123,-2.56,-0.96,-10.93,0.04,-1.56,-0.03,frisson_allonge
727137,-4.28,-1.02,-10.78,0.06,-0.64,-0.06,frisson_allonge
727151,-3.37,-1.09,-10.91,0.05,0.37,-0.07,frisson_allonge
727165,-2.09,-1.09,-11.20,0.04,0.97,-0.04,frisson_allonge
727179,-0.88,-1.16,-11.30,0.06,1.11,-0.02,frisson_allonge
727193,-0.71,-1.23,-11.31,0.07,0.96,-0.01,frisson_allonge
727207,-0.34,-1.22,-11.26,0.07,0.73,-0.01,frisson_allonge
727221,-0.08,-1.22,-11.11,0.05,0.38,-0.02,frisson_allonge
727235,-0.26,-1.19,-11.16,0.04,0.05,-0.02,frisson_allonge
727249,-0.51,-1.23,-11.17,0.02,-0.15,-0.01,frisson_allonge
727263,-0.70,-1.31,-11.14,-0.00,-0.23,0.01,frisson_allonge
727277,-1.05,-1.16,-11.23,0.00,-0.16,0.03,frisson_allonge
727291,-1.15,-1.15,-11.29,0.01,-0.01,0.05,frisson_allonge
727305,-1.21,-1.10,-11.21,0.01,0.09,0.06,frisson_allonge
727319,-1.08,-1.13,-11.15,0.01,0.19,0.07,frisson_allonge
727333,-0.88,-1.24,-10.90,-0.01,0.25,0.08,frisson_allonge
727347,-0.55,-1.30,-10.46,-0.05,0.27,0.10,frisson_allonge
727361,-0.81,-1.19,-10.59,-0.08,0.23,0.09,frisson_allonge
727375,-1.08,-1.25,-11.21,-0.09,0.22,0.09,frisson_allonge
727389,-1.18,-1.22,-11.70,-0.07,0.20,0.08,frisson_allonge
727403,-0.88,-1.15,-12.29,-0.05,0.13,0.06,frisson_allonge
727417,-1.10,-0.97,-12.38,-0.01,0.02,0.05,frisson_allonge
727431,-0.97,-1.02,-12.06,0.03,-0.08,0.02,frisson_allonge
727445,-1.02,-1.06,-11.39,0.05,-0.11,0.00,frisson_allonge
727459,-0.81,-1.17,-11.00,0.05,-0.11,-0.02,frisson_allonge
727473,-0.50,-1.30,-10.68,0.02,-0.14,-0.03,frisson_allonge
727487,-0.93,-1.07,-11.14,0.03,-0.15,-0.04,frisson_allonge
727501,-1.20,-1.10,-11.42,0.04,-0.13,-0.04,frisson_allonge
727515,-1.54,-1.14,-11.37,0.05,-0.06,-0.05,frisson_allonge
727529,-1.67,-1.19,-11.19,0.04,0.03,-0.05,frisson_allonge
727543,-1.50,-1.17,-10.89,0.02,0.12,-0.06,frisson_allonge
727557,-1.43,-1.15,-10.85,0.00,0.16,-0.06,frisson_allonge
727571,-1.06,-1.27,-10.91,0.01,0.24,-0.03,frisson_allonge
727585,-0.84,-1.21,-11.30,0.02,0.32,0.00,frisson_allonge
727599,-0.67,-1.11,-11.73,0.02,0.46,0.02,frisson_allonge
727613,-0.19,-1.05,-11.73,0.04,0.50,0.05,frisson_allonge
727627,0.50,-1.08,-11.58,0.04,0.31,0.06,frisson_allonge
727641,0.32,-1.01,-11.50,0.04,-0.08,0.07,frisson_allonge
727655,-0.06,-0.99,-11.25,0.05,-0.32,0.07,frisson_allonge
727669,-0.42,-1.14,-11.21,0.04,-0.45,0.08,frisson_allonge
727683,-1.06,-1.18,-10.92,0.03,-0.37,0.09,frisson_allonge
727697,-1.59,-1.15,-10.78,0.00,-0.12,0.09,frisson_allonge
727711,-2.19,-1.15,-10.92,0.01,0.23,0.08,frisson_allonge
727725,-2.26,-1.19,-11.18,0.01,0.68,0.07,frisson_allonge
727739,-1.54,-1.26,-11.43,0.01,0.98,0.05,frisson_allonge
727753,-0.81,-1.26,-11.55,0.01,0.98,0.04,frisson_allonge
727767,0.28,-1.28,-11.49,-0.01,0.57,0.01,frisson_allonge
727781,0.15,-1.27,-11.47,-0.01,0.00,-0.01,frisson_allonge
727795,-0.14,-1.24,-11.37,-0.01,-0.32,-0.02,frisson_allonge
727809,-0.61,-1.24,-11.27,-0.02,-0.47,-0.03,frisson_allonge
727823,-1.48,-1.17,-11.17,-0.03,-0.33,-0.04,frisson_allonge
727837,-1.30,-1.15,-11.16,-0.04,-0.01,-0.05,frisson_allonge
727851,-0.93,-1.03,-11.24,-0.02,0.24,-0.03,frisson_allonge
727865,-0.58,-1.10,-11.20,-0.02,0.34,-0.02,frisson_allonge
727879,-0.52,-1.07,-11.39,-0.01,0.34,-0.02,frisson_allonge
727893,-0.61,-1.06,-11.34,-0.01,0.32,-0.02,frisson_allonge
727907,-0.47,-1.08,-11.50,-0.01,0.33,-0.02,frisson_allonge
727921,-0.27,-1.14,-11.48,0.00,0.29,-0.03,frisson_allonge
727935,0.01,-1.20,-11.53,-0.01,0.12,-0.02,frisson_allonge
727949,-0.26,-1.15,-11.31,-0.00,0.05,-0.01,frisson_allonge
727963,-0.58,-1.13,-11.28,-0.01,0.04,-0.01,frisson_allonge
727977,-0.42,-1.07,-11.41,-0.01,0.08,-0.01,frisson_allonge
727991,-0.27,-1.11,-11.49,-0.00,0.06,0.00,frisson_allonge
728005,-0.18,-1.10,-11.45,0.00,0.00,0.01,frisson_allonge
728019,-0.42,-1.10,-11.20,0.01,-0.05,0.01,frisson_allonge
728033,-0.60,-1.09,-11.23,0.01,-0.01,0.01,frisson_allonge
728047,-0.52,-1.06,-11.40,0.01,0.04,0.01,frisson_allonge
728061,-0.53,-1.08,-11.41,0.01,0.07,0.01,frisson_allonge
728075,-0.61,-1.06,-11.47,0.01,0.08,0.00,frisson_allonge
728089,-0.53,-1.14,-11.38,0.02,0.07,0.00,frisson_allonge
728103,-0.68,-1.17,-11.42,0.03,0.09,0.00,frisson_allonge
728117,-0.53,-1.13,-11.46,0.03,0.12,0.00,frisson_allonge
728131,-0.42,-1.16,-11.38,0.03,0.12,-0.00,frisson_allonge
728145,-0.29,-1.15,-11.36,0.03,0.09,0.00,frisson_allonge
728159,-0.39,-1.10,-11.30,0.03,0.03,0.00,frisson_allonge
728173,-0.40,-1.05,-11.31,0.02,0.02,0.00,frisson_allonge
728187,-0.66,-1.05,-11.15,0.03,0.07,-0.01,frisson_allonge
728201,-0.70,-1.13,-11.23,0.02,0.16,-0.01,frisson_allonge
728215,-0.69,-1.09,-11.30,0.02,0.29,-0.02,frisson_allonge
728229,-0.47,-1.26,-11.16,0.02,0.42,-0.02,frisson_allonge
728243,-0.38,-1.23,-11.54,0.03,0.44,-0.01,frisson_allonge
728257,-0.07,-1.19,-11.66,0.04,0.40,-0.00,frisson_allonge
728271,0.42,-1.25,-11.64,0.03,0.20,-0.01,frisson_allonge
728285,0.42,-1.24,-11.58,0.02,-0.11,-0.02,frisson_allonge
728299,0.18,-1.13,-11.35,0.01,-0.28,-0.02,frisson_allonge
728313,0.07,-1.24,-11.30,-0.02,-0.46,-0.02,frisson_allonge
728327,-0.53,-1.20,-11.27,-0.07,-0.48,0.01,frisson_allonge
728341,-1.14,-1.06,-11.42,-0.12,-0.29,0.05,frisson_allonge
728355,-1.95,-0.88,-11.40,-0.14,0.22,0.10,frisson_allonge
728369,-1.86,-1.11,-11.16,-0.15,0.75,0.11,frisson_allonge
728383,-1.29,-1.15,-11.20,-0.14,1.12,0.09,frisson_allonge
728397,-0.39,-1.18,-11.37,-0.09,1.25,0.04,frisson_allonge
728411,0.43,-1.20,-11.31,-0.03,1.09,-0.00,frisson_allonge
728425,0.69,-1.20,-11.38,0.01,0.81,-0.05,frisson_allonge
728439,1.11,-1.17,-11.59,0.02,0.50,-0.10,frisson_allonge
728453,1.06,-0.93,-11.89,0.03,0.25,-0.11,frisson_allonge
728467,1.13,-0.83,-11.93,0.04,0.13,-0.10,frisson_allonge
728481,1.26,-0.90,-11.64,0.05,-0.03,-0.08,frisson_allonge
728495,1.00,-0.76,-11.47,0.05,-0.15,-0.05,frisson_allonge
728509,0.88,-0.82,-11.33,0.04,-0.26,-0.02,frisson_allonge
728523,0.16,-0.88,-11.10,0.04,-0.22,0.00,frisson_allonge
728537,-0.42,-0.94,-11.21,0.01,0.02,0.01,frisson_allonge
728551,-0.57,-1.03,-11.50,-0.01,0.37,0.02,frisson_allonge
728565,-0.04,-1.06,-11.55,-0.02,0.58,0.02,frisson_allonge
728579,0.58,-1.17,-11.47,-0.01,0.57,0.01,frisson_allonge
728593,0.92,-1.19,-11.43,0.01,0.37,0.01,frisson_allonge
728607,0.97,-1.26,-11.14,0.02,0.12,0.02,frisson_allonge
728621,0.74,-1.11,-11.20,0.02,-0.04,0.04,frisson_allonge
728635,0.39,-1.15,-11.34,0.03,-0.06,0.06,frisson_allonge
728649,0.11,-1.02,-11.47,0.04,0.08,0.07,frisson_allonge
728663,-0.07,-0.99,-11.53,0.08,0.37,0.06,frisson_allonge
728677,-0.01,-0.99,-11.41,0.08,0.66,0.04,frisson_allonge
728691,0.63,-0.88,-11.50,0.09,0.78,0.02,frisson_allonge
728705,1.13,-0.97,-11.19,0.09,0.72,0.00,frisson_allonge
728719,1.42,-0.91,-11.37,0.09,0.53,-0.01,frisson_allonge
728733,1.72,-0.98,-11.23,0.08,0.24,-0.01,frisson_allonge
728747,1.56,-1.00,-11.22,0.08,-0.13,-0.01,frisson_allonge
728761,1.24,-1.00,-11.22,0.08,-0.39,-0.02,frisson_allonge
728775,1.39,-1.04,-11.23,0.07,-0.74,-0.03,frisson_allonge
728789,1.11,-1.08,-11.20,0.06,-1.03,-0.03,frisson_allonge
728803,0.53,-1.07,-11.34,0.07,-1.14,-0.04,frisson_allonge
728817,-0.77,-0.99,-11.18,0.11,-0.93,-0.04,frisson_allonge
728831,-1.51,-1.44,-10.85,0.08,-0.40,-0.07,frisson_allonge
728845,-1.29,-1.45,-11.31,0.03,0.21,-0.08,frisson_allonge
728859,-0.41,-1.35,-11.63,0.02,0.64,-0.06,frisson_allonge
728873,0.24,-1.51,-11.77,0.02,0.80,-0.02,frisson_allonge
728887,0.58,-1.53,-11.82,0.04,0.74,0.02,frisson_allonge
728901,1.13,-1.36,-11.73,0.05,0.47,0.04,frisson_allonge
728915,1.25,-1.23,-11.61,0.07,0.11,0.05,frisson_allonge
728929,1.11,-1.06,-11.40,0.08,-0.18,0.04,frisson_allonge
728943,0.87,-0.92,-11.27,0.08,-0.36,0.02,frisson_allonge
728957,0.58,-0.80,-11.12,0.09,-0.45,-0.00,frisson_allonge
728971,0.50,-0.82,-11.08,0.09,-0.47,-0.03,frisson_allonge
728985,0.39,-0.81,-10.86,0.08,-0.44,-0.05,frisson_allonge
728999,-0.00,-1.22,-10.73,0.06,-0.32,-0.07,frisson_allonge
729013,-0.41,-1.61,-10.85,-0.01,-0.03,-0.08,frisson_allonge
729027,-0.00,-1.75,-10.91,-0.05,0.27,-0.06,frisson_allonge
729041,0.36,-1.74,-10.85,-0.08,0.43,-0.01,frisson_allonge
729055,0.49,-1.60,-10.93,-0.08,0.48,0.03,frisson_allonge
729069,0.74,-1.44,-10.92,-0.08,0.44,0.08,frisson_allonge
729083,0.65,-1.32,-10.84,-0.09,0.38,0.10,frisson_allonge
729097,0.79,-1.09,-11.04,-0.09,0.29,0.10,frisson_allonge
729111,0.74,-0.98,-11.06,-0.10,0.18,0.08,frisson_allonge
729125,0.57,-0.87,-11.44,-0.11,0.14,0.04,frisson_allonge
729139,1.09,-0.72,-11.90,-0.10,0.09,0.00,frisson_allonge
729153,1.60,-0.73,-12.28,-0.09,-0.14,-0.03,frisson_allonge
729167,2.09,-0.85,-12.40,-0.07,-0.65,-0.04,frisson_allonge
729181,1.46,-0.97,-12.17,-0.04,-1.10,-0.02,frisson_allonge
729195,0.64,-1.10,-11.92,-0.03,-1.26,0.00,frisson_allonge
729209,-0.30,-1.23,-11.71,-0.03,-1.17,0.04,frisson_allonge
729223,-1.24,-1.20,-11.68,-0.02,-0.68,0.07,frisson_allonge
729237,-1.16,-1.22,-11.15,0.00,-0.27,0.08,frisson_allonge
729251,-1.34,-1.19,-11.01,0.02,0.08,0.08,frisson_allonge
729265,-0.71,-1.16,-10.88,0.02,0.13,0.07,frisson_allonge
729279,-1.04,-1.15,-10.65,0.02,0.14,0.05,frisson_allonge
729293,-1.54,-1.13,-10.73,0.00,0.34,0.02,frisson_allonge
729307,-1.02,-1.07,-10.98,-0.03,0.65,-0.00,frisson_allonge
729321,-0.19,-0.97,-11.14,-0.06,0.85,-0.02,frisson_allonge
729335,0.51,-1.01,-11.33,-0.07,0.87,-0.03,frisson_allonge
729349,1.07,-0.96,-11.52,-0.08,0.70,-0.04,frisson_allonge
729363,1.39,-0.98,-11.78,-0.07,0.38,-0.05,frisson_allonge
729377,1.65,-0.98,-12.12,-0.04,-0.07,-0.04,frisson_allonge
729391,1.47,-0.92,-12.05,-0.02,-0.47,-0.02,frisson_allonge
729405,0.62,-0.93,-11.89,0.01,-0.64,0.00,frisson_allonge
729419,0.35,-0.76,-11.92,0.05,-0.47,0.03,frisson_allonge
729433,0.69,-0.78,-11.82,0.09,-0.42,0.05,frisson_allonge
729447,0.70,-0.89,-11.49,0.13,-0.52,0.08,frisson_allonge
729461,0.13,-1.00,-11.14,0.15,-0.66,0.10,frisson_allonge
729475,-0.29,-1.11,-10.98,0.14,-0.70,0.10,frisson_allonge
729489,-0.71,-1.13,-10.97,0.13,-0.70,0.09,frisson_allonge
729503,-1.39,-1.27,-10.97,0.11,-0.53,0.07,frisson_allonge
729517,-1.36,-1.32,-11.14,0.08,-0.32,0.05,frisson_allonge
729531,-1.19,-1.30,-11.04,0.05,-0.10,0.05,frisson_allonge
729545,-1.14,-1.28,-11.03,0.03,0.07,0.05,frisson_allonge
729559,-1.04,-1.23,-11.05,-0.00,0.23,0.06,frisson_allonge
729573,-0.56,-1.15,-11.26,-0.02,0.30,0.06,frisson_allonge
729587,-0.18,-1.03,-11.37,-0.03,0.24,0.06,frisson_allonge
729601,-0.16,-0.98,-11.61,-0.02,0.11,0.04,frisson_allonge
729615,-0.41,-1.02,-11.82,-0.02,-0.01,0.01,frisson_allonge
729629,-0.25,-1.20,-11.75,-0.01,-0.05,-0.02,frisson_allonge
729643,-0.12,-1.33,-11.66,-0.01,-0.13,-0.03,frisson_allonge
729657,-0.10,-1.26,-11.53,-0.00,-0.19,-0.03,frisson_allonge
729671,-0.25,-1.21,-11.23,0.01,-0.24,-0.01,frisson_allonge
729685,-0.75,-1.06,-11.04,0.03,-0.19,0.02,frisson_allonge
729699,-0.90,-1.04,-10.96,0.02,-0.08,0.02,frisson_allonge
729713,-1.35,-0.88,-10.73,0.03,0.01,0.02,frisson_allonge
729727,-1.69,-1.00,-11.05,0.01,0.24,-0.01,frisson_allonge
729741,-1.11,-0.99,-11.50,-0.00,0.48,-0.02,frisson_allonge
729755,-0.38,-1.09,-11.69,-0.00,0.60,-0.02,frisson_allonge
729769,0.27,-1.23,-11.83,-0.00,0.51,-0.03,frisson_allonge
729783,0.86,-1.26,-11.75,0.00,0.19,-0.05,frisson_allonge
729797,0.44,-1.20,-11.65,-0.00,-0.13,-0.04,frisson_allonge
729811,0.41,-1.10,-11.38,-0.01,-0.34,-0.04,frisson_allonge
729825,0.12,-1.07,-11.24,-0.02,-0.45,-0.02,frisson_allonge
729839,-0.20,-0.96,-11.07,-0.03,-0.53,0.00,frisson_allonge
729853,-1.57,-0.82,-10.98,-0.02,-0.35,0.03,frisson_allonge
729867,-0.51,-0.96,-11.50,0.01,0.09,0.04,frisson_allonge
729881,-1.02,-1.18,-11.41,0.04,0.08,0.03,frisson_allonge
729895,-1.01,-1.22,-11.20,0.03,0.11,0.01,frisson_allonge
729909,-1.11,-1.17,-11.21,0.02,0.18,-0.00,frisson_allonge
729923,-0.79,-1.10,-11.18,0.02,0.26,-0.02,frisson_allonge
729937,-0.70,-1.04,-11.19,0.01,0.29,-0.03,frisson_allonge
729951,-0.32,-1.07,-11.36,0.01,0.32,-0.03,frisson_allonge
729965,-0.09,-1.18,-11.23,0.02,0.24,-0.01,frisson_allonge
729979,-0.10,-1.17,-11.44,0.01,0.20,-0.00,frisson_allonge
729993,0.11,-1.09,-11.69,0.01,0.13,0.00,frisson_allonge
730007,0.48,-1.15,-11.70,0.01,-0.05,0.01,frisson_allonge
730021,0.36,-1.08,-11.57,0.01,-0.28,0.02,frisson_allonge
730035,0.18,-1.00,-11.43,-0.00,-0.47,0.02,frisson_allonge
730049,0.02,-0.96,-11.35,0.00,-0.59,0.04,frisson_allonge
730063,-0.41,-0.93,-11.29,-0.00,-0.63,0.05,frisson_allonge
730077,-1.63,-1.00,-10.81,0.01,-0.51,0.06,frisson_allonge
730091,-2.49,-1.09,-10.92,0.03,0.06,0.06,frisson_allonge
730105,-1.47,-1.15,-11.48,0.04,0.39,0.03,frisson_allonge
730119,-1.03,-1.35,-11.20,0.02,0.44,0.02,frisson_allonge
730133,-0.80,-1.27,-11.14,0.00,0.39,0.02,frisson_allonge
730147,-0.55,-1.17,-11.30,0.00,0.36,0.02,frisson_allonge
730161,-0.48,-0.99,-11.55,0.01,0.32,0.00,frisson_allonge
730175,-0.33,-0.90,-11.67,0.02,0.27,-0.02,frisson_allonge
730189,-0.20,-0.97,-11.59,0.03,0.21,-0.04,frisson_allonge
730203,-0.04,-1.06,-11.36,0.02,0.10,-0.04,frisson_allonge
730217,0.04,-1.10,-11.25,0.01,0.01,-0.04,frisson_allonge
730231,-0.08,-1.22,-10.98,-0.01,-0.07,-0.02,frisson_allonge
730245,-0.52,-1.18,-11.10,-0.03,-0.09,-0.00,frisson_allonge
730259,-0.40,-1.10,-11.35,-0.04,-0.04,0.02,frisson_allonge
730273,-0.32,-1.07,-11.49,-0.03,-0.04,0.03,frisson_allonge
730287,-0.42,-0.94,-11.59,-0.02,-0.06,0.03,frisson_allonge
730301,-0.46,-0.94,-11.56,-0.01,-0.08,0.03,frisson_allonge
730315,-0.74,-0.95,-11.55,0.01,-0.06,0.01,frisson_allonge
730329,-1.09,-0.99,-11.61,0.03,0.06,-0.01,frisson_allonge
730343,-0.38,-1.10,-11.46,0.03,0.12,-0.00,frisson_allonge
730357,-0.46,-1.08,-11.30,0.03,0.07,0.00,frisson_allonge
730371,-0.57,-1.07,-11.17,0.02,0.02,0.01,frisson_allonge
730385,-0.59,-1.01,-10.94,0.01,-0.01,0.02,frisson_allonge
730399,-0.77,-1.06,-10.95,0.02,0.05,0.02,frisson_allonge
730413,-1.14,-1.00,-10.92,0.03,0.20,0.01,frisson_allonge
730427,-1.83,-1.16,-10.92,0.02,0.53,-0.02,frisson_allonge
730441,-1.43,-1.10,-11.35,0.00,0.89,-0.04,frisson_allonge
730455,-0.42,-1.06,-11.86,0.00,1.00,-0.06,frisson_allonge
730469,0.18,-1.01,-12.13,0.02,0.85,-0.08,frisson_allonge
730483,0.80,-1.07,-11.90,0.03,0.50,-0.10,frisson_allonge
730497,1.06,-1.02,-11.49,0.03,0.00,-0.11,frisson_allonge
730511,1.35,-1.03,-11.22,0.01,-0.36,-0.10,frisson_allonge
730525,1.09,-1.03,-11.07,-0.01,-0.68,-0.09,frisson_allonge
730539,0.49,-0.93,-10.93,-0.02,-0.86,-0.07,frisson_allonge
730553,-1.32,-1.05,-10.67,0.02,-0.57,-0.04,frisson_allonge
730567,-1.78,-1.09,-10.73,-0.01,0.04,-0.05,frisson_allonge
730581,-1.10,-1.09,-11.26,-0.03,0.50,-0.02,frisson_allonge
730595,-0.63,-0.97,-11.90,-0.01,0.77,0.00,frisson_allonge
730609,0.05,-1.14,-12.19,0.01,0.72,-0.01,frisson_allonge
730623,0.17,-1.06,-12.29,0.05,0.46,-0.02,frisson_allonge
730637,-0.02,-1.10,-11.83,0.08,0.28,-0.04,frisson_allonge
730651,0.11,-1.06,-11.29,0.08,0.21,-0.05,frisson_allonge
730665,0.43,-1.09,-10.94,0.07,0.17,-0.06,frisson_allonge
730679,0.77,-1.09,-10.87,0.03,0.07,-0.05,frisson_allonge
730693,0.67,-1.23,-10.70,-0.00,-0.07,-0.02,frisson_allonge
730707,0.43,-1.13,-10.77,-0.03,-0.19,0.02,frisson_allonge
730721,0.34,-1.10,-11.10,-0.03,-0.22,0.05,frisson_allonge
730735,-0.42,-1.08,-11.24,-0.03,-0.15,0.06,frisson_allonge
730749,-0.50,-1.09,-11.60,-0.03,0.00,0.05,frisson_allonge
730763,-0.13,-1.00,-11.94,-0.02,0.06,0.05,frisson_allonge
730777,0.06,-1.03,-11.86,-0.00,0.02,0.05,frisson_allonge
730791,-0.15,-0.97,-11.65,0.01,-0.03,0.03,frisson_allonge
730805,-0.15,-0.97,-11.60,0.02,-0.05,0.02,frisson_allonge
730819,-0.13,-0.99,-11.48,0.02,-0.07,0.00,frisson_allonge
730833,0.02,-1.08,-11.35,0.02,-0.11,-0.01,frisson_allonge
730847,0.18,-1.11,-11.23,0.00,-0.20,-0.00,frisson_allonge
730861,0.10,-1.09,-11.29,-0.00,-0.25,0.01,frisson_allonge
730875,-0.12,-1.11,-11.29,-0.01,-0.24,0.02,frisson_allonge
730889,-0.79,-0.99,-11.41,-0.01,-0.11,0.02,frisson_allonge
730903,-0.36,-0.98,-11.77,0.02,0.07,0.02,frisson_allonge
730917,0.02,-1.03,-11.95,0.05,-0.04,0.03,frisson_allonge
730931,-0.24,-1.00,-11.64,0.07,-0.11,0.02,frisson_allonge
730945,-0.30,-1.07,-11.14,0.07,-0.18,0.02,frisson_allonge
730959,-0.18,-1.11,-10.51,0.05,-0.30,0.02,frisson_allonge
730973,-0.47,-1.19,-10.13,0.02,-0.48,0.03,frisson_allonge
730987,-1.43,-1.20,-10.35,0.01,-0.34,0.03,frisson_allonge
731001,-1.92,-1.17,-10.84,-0.03,0.08,0.02,frisson_allonge
731015,-1.01,-1.14,-11.58,-0.07,0.51,0.02,frisson_allonge
731029,0.10,-1.10,-12.26,-0.06,0.64,0.03,frisson_allonge
731043,0.71,-0.96,-12.52,-0.02,0.43,0.03,frisson_allonge
731057,0.63,-0.93,-12.29,0.03,0.05,0.01,frisson_allonge
731071,0.18,-0.99,-11.89,0.04,-0.20,-0.01,frisson_allonge
731085,0.23,-0.99,-11.41,0.03,-0.35,-0.02,frisson_allonge
731099,0.42,-1.00,-11.27,0.02,-0.45,-0.00,frisson_allonge
731113,0.21,-1.03,-10.79,0.00,-0.57,0.01,frisson_allonge
731127,-1.17,-1.26,-10.03,-0.05,-0.63,0.02,frisson_allonge
731141,-2.61,-0.74,-10.79,-0.02,-0.07,0.05,frisson_allonge
731155,-0.38,-1.14,-12.00,0.04,0.27,0.05,frisson_allonge
731169,-1.37,-1.26,-11.68,0.06,0.14,0.04,frisson_allonge
731183,-1.16,-1.25,-11.27,0.03,0.21,0.02,frisson_allonge
731197,-1.19,-1.13,-11.19,0.01,0.31,-0.00,frisson_allonge
731211,-0.35,-1.02,-11.26,0.00,0.35,-0.01,frisson_allonge
731225,0.21,-0.96,-11.08,0.00,0.24,-0.01,frisson_allonge
731239,0.07,-0.98,-11.28,-0.01,0.12,-0.00,frisson_allonge
731253,0.13,-0.97,-11.60,-0.01,0.05,0.00,frisson_allonge
731267,0.14,-1.06,-11.69,-0.01,-0.02,0.02,frisson_allonge
731281,-0.11,-1.14,-11.55,-0.01,-0.07,0.03,frisson_allonge
731295,-0.26,-1.03,-11.49,-0.00,-0.09,0.04,frisson_allonge
731309,-0.38,-1.08,-11.36,0.00,-0.09,0.04,frisson_allonge
731323,-0.44,-1.10,-11.22,0.00,-0.11,0.05,frisson_allonge
731337,-0.72,-1.04,-11.29,0.00,-0.10,0.05,frisson_allonge
731351,-0.64,-0.94,-11.57,0.01,-0.02,0.06,frisson_allonge
731365,-0.69,-0.92,-11.48,0.03,-0.03,0.05,frisson_allonge
731379,-0.91,-1.01,-11.21,0.04,-0.03,0.03,frisson_allonge
731393,-0.81,-1.06,-11.05,0.04,-0.04,0.02,frisson_allonge
731407,-0.89,-1.16,-10.98,0.04,-0.01,0.02,frisson_allonge
731421,-0.79,-1.13,-11.10,0.02,0.05,0.03,frisson_allonge
731435,-0.72,-1.03,-11.36,-0.00,0.09,0.02,frisson_allonge
731449,-0.63,-1.00,-11.61,-0.00,0.08,0.01,frisson_allonge
731463,-0.31,-0.97,-11.76,0.01,0.04,0.00,frisson_allonge
731477,-0.09,-1.00,-11.72,0.02,-0.03,0.01,frisson_allonge
731491,-0.03,-0.99,-11.51,0.03,-0.10,0.01,frisson_allonge
731505,-0.01,-1.09,-11.13,0.03,-0.19,0.03,frisson_allonge
731519,-0.35,-1.16,-10.98,0.02,-0.26,0.06,frisson_allonge
731533,-0.62,-1.08,-11.10,0.01,-0.24,0.09,frisson_allonge
731547,-0.79,-1.06,-11.16,0.00,-0.18,0.11,frisson_allonge
731561,-0.81,-1.08,-11.27,0.00,-0.12,0.11,frisson_allonge
731575,-0.99,-1.03,-11.47,0.01,-0.09,0.09,frisson_allonge
731589,-1.02,-0.96,-11.43,0.02,-0.03,0.07,frisson_allonge
731603,-1.00,-0.98,-11.30,0.03,-0.04,0.05,frisson_allonge
731617,-1.20,-0.99,-11.23,0.04,0.01,0.03,frisson_allonge
731631,-1.43,-0.85,-11.06,0.08,0.17,0.01,frisson_allonge
731645,-1.74,-1.13,-10.90,0.08,0.51,0.01,frisson_allonge
731659,-1.08,-1.22,-11.01,0.05,0.75,0.02,frisson_allonge
731673,-0.51,-1.14,-11.36,0.01,0.70,0.02,frisson_allonge
731687,0.01,-1.06,-11.58,0.00,0.55,0.02,frisson_allonge
731701,0.48,-1.03,-11.65,-0.00,0.27,0.01,frisson_allonge
731715,0.32,-1.08,-11.66,-0.00,-0.10,-0.01,frisson_allonge
731729,0.31,-1.05,-11.60,-0.01,-0.34,-0.01,frisson_allonge
731743,-0.01,-1.02,-11.51,-0.02,-0.46,-0.00,frisson_allonge
731757,-0.19,-1.00,-11.36,-0.01,-0.47,0.01,frisson_allonge
731771,-0.59,-1.00,-11.19,-0.01,-0.44,0.02,frisson_allonge
731785,-1.41,-0.95,-11.24,0.03,-0.23,0.02,frisson_allonge
731799,-1.81,-0.94,-11.17,0.04,0.08,-0.00,frisson_allonge
731813,-1.43,-1.07,-11.07,0.03,0.26,-0.03,frisson_allonge
731827,-1.34,-1.11,-11.13,0.03,0.31,-0.05,frisson_allonge
731841,-1.05,-1.15,-11.25,0.02,0.37,-0.05,frisson_allonge
731855,-0.60,-1.21,-11.34,0.02,0.40,-0.04,frisson_allonge
731869,0.02,-1.25,-11.31,0.01,0.32,-0.01,frisson_allonge
731883,0.17,-1.19,-11.45,0.01,0.18,0.03,frisson_allonge
731897,0.21,-0.99,-11.53,0.00,0.03,0.05,frisson_allonge
731911,-0.00,-0.90,-11.45,0.00,-0.07,0.04,frisson_allonge
731925,-0.17,-0.89,-11.53,0.01,-0.15,0.03,frisson_allonge
731939,-0.24,-0.98,-11.49,0.01,-0.20,0.02,frisson_allonge
731953,-0.42,-1.02,-11.45,0.01,-0.21,0.02,frisson_allonge
731967,-0.44,-1.09,-11.37,0.01,-0.20,0.03,frisson_allonge
731981,-0.72,-1.17,-11.36,0.01,-0.16,0.06,frisson_allonge
731995,-1.00,-1.18,-11.15,0.01,-0.06,0.08,frisson_allonge
732009,-1.88,-1.18,-10.79,-0.02,0.23,0.05,frisson_allonge
732023,-2.39,-1.18,-10.56,-0.07,0.65,-0.02,frisson_allonge
732037,-2.23,-1.01,-10.86,-0.13,1.08,-0.11,frisson_allonge
732051,-1.40,-0.75,-11.29,-0.14,1.28,-0.18,frisson_allonge
732065,-0.14,-0.81,-11.44,-0.10,1.21,-0.19,frisson_allonge
732079,0.73,-1.03,-11.60,-0.07,0.88,-0.13,frisson_allonge
732093,0.98,-1.00,-11.78,-0.05,0.55,-0.08,frisson_allonge
732107,1.16,-1.11,-11.88,-0.03,0.31,-0.02,frisson_allonge
732121,1.42,-1.00,-11.87,-0.01,0.13,0.02,frisson_allonge
732135,1.73,-0.82,-11.71,0.03,-0.08,0.06,frisson_allonge
732149,1.74,-0.72,-11.64,0.07,-0.37,0.08,frisson_allonge
732163,1.12,-0.88,-11.50,0.10,-0.60,0.10,frisson_allonge
732177,0.24,-0.97,-11.35,0.09,-0.66,0.09,frisson_allonge
732191,-0.42,-0.84,-11.47,0.08,-0.55,0.07,frisson_allonge
732205,-0.82,-0.80,-11.49,0.08,-0.36,0.04,frisson_allonge
732219,-0.86,-0.89,-11.39,0.08,-0.25,0.02,frisson_allonge
732233,-0.97,-1.04,-11.23,0.08,-0.21,0.01,frisson_allonge
732247,-0.97,-1.16,-11.14,0.07,-0.16,-0.00,frisson_allonge
732261,-0.92,-1.25,-11.08,0.05,-0.09,-0.01,frisson_allonge
732275,-0.60,-1.33,-11.07,0.04,-0.03,0.01,frisson_allonge
732289,-0.51,-1.23,-11.18,0.02,0.02,0.02,frisson_allonge
732303,-0.43,-1.07,-11.35,0.01,0.06,0.02,frisson_allonge
732317,-0.35,-1.01,-11.47,0.01,0.06,0.01,frisson_allonge
732331,-0.15,-0.93,-11.37,0.02,0.04,0.01,frisson_allonge
732345,-0.05,-0.97,-11.45,0.02,-0.00,0.02,frisson_allonge
732359,-0.04,-0.96,-11.33,0.02,-0.04,0.03,frisson_allonge
732373,-0.03,-1.16,-11.20,0.01,-0.07,0.05,frisson_allonge
732387,-0.24,-1.21,-11.30,-0.00,-0.10,0.07,frisson_allonge
732401,-0.43,-1.13,-11.29,-0.01,-0.09,0.07,frisson_allonge
732415,-0.74,-1.06,-11.29,-0.01,-0.03,0.05,frisson_allonge
732429,-0.90,-0.98,-11.30,-0.02,0.05,0.03,frisson_allonge
732443,-0.92,-1.01,-11.29,-0.03,0.13,-0.00,frisson_allonge
732457,-0.67,-1.05,-11.18,-0.04,0.17,-0.01,frisson_allonge
732471,-0.51,-1.00,-11.31,-0.06,0.21,-0.01,frisson_allonge
732485,-0.18,-0.97,-11.41,-0.06,0.21,0.00,frisson_allonge
732499,-0.07,-0.92,-11.45,-0.05,0.16,0.01,frisson_allonge
732513,0.12,-0.92,-11.53,-0.02,0.07,0.03,frisson_allonge
732527,0.24,-0.91,-11.57,0.01,-0.05,0.05,frisson_allonge
732541,0.13,-0.94,-11.60,0.03,-0.15,0.06,frisson_allonge
732555,-0.13,-0.92,-11.49,0.04,-0.21,0.06,frisson_allonge
732569,-0.38,-1.04,-11.32,0.03,-0.20,0.04,frisson_allonge
732583,-0.71,-1.01,-11.27,0.02,-0.16,0.02,frisson_allonge
732597,-0.78,-0.99,-11.27,0.02,-0.08,0.01,frisson_allonge
732611,-0.76,-1.00,-11.24,0.01,-0.03,0.01,frisson_allonge
732625,-0.74,-1.01,-11.28,0.00,-0.02,0.02,frisson_allonge
732639,-0.78,-0.93,-11.32,0.01,0.00,0.02,frisson_allonge
732653,-0.77,-0.95,-11.38,0.00,0.04,0.02,frisson_allonge
732667,-0.61,-0.96,-11.31,0.01,0.06,0.01,frisson_allonge
732681,-0.80,-1.18,-11.08,-0.01,0.12,-0.01,frisson_allonge
732695,-0.53,-1.02,-11.19,-0.05,0.21,-0.03,frisson_allonge
732709,-0.48,-1.01,-11.19,-0.06,0.28,-0.03,frisson_allonge
732723,-0.26,-0.90,-11.47,-0.05,0.25,-0.01,frisson_allonge
732737,0.29,-0.74,-11.86,-0.00,0.09,0.01,frisson_allonge
732751,0.54,-0.77,-11.72,0.05,-0.16,0.06,frisson_allonge
732765,0.48,-1.02,-11.65,0.08,-0.38,0.10,frisson_allonge
732779,-0.10,-1.04,-11.52,0.08,-0.49,0.11,frisson_allonge
732793,-0.85,-1.06,-11.21,0.05,-0.42,0.09,frisson_allonge
732807,-1.36,-1.09,-11.18,0.00,-0.21,0.04,frisson_allonge
732821,-1.68,-0.81,-11.19,-0.01,0.07,-0.02,frisson_allonge
732835,-1.19,-0.90,-11.07,-0.01,0.24,-0.06,frisson_allonge
732849,-0.70,-1.06,-11.11,-0.00,0.18,-0.04,frisson_allonge
732863,-0.57,-1.03,-11.36,0.00,0.13,-0.00,frisson_allonge
732877,-0.43,-0.98,-11.60,0.01,0.11,0.02,frisson_allonge
732891,-0.30,-0.95,-11.66,0.03,0.07,0.03,frisson_allonge
732905,-0.27,-0.97,-11.52,0.04,0.01,0.03,frisson_allonge
732919,-0.32,-1.01,-11.29,0.04,-0.05,0.03,frisson_allonge
732933,-0.43,-1.06,-11.25,0.02,-0.05,0.02,frisson_allonge
732947,-0.42,-0.92,-11.27,0.01,-0.04,0.02,frisson_allonge
732961,-0.54,-0.95,-11.35,0.01,-0.04,0.03,frisson_allonge
732975,-0.83,-0.94,-11.36,0.01,-0.03,0.03,frisson_allonge
732989,-0.98,-0.91,-11.38,0.01,0.02,0.02,frisson_allonge
733003,-0.75,-0.94,-11.38,0.02,0.04,0.00,frisson_allonge
733017,-0.41,-1.14,-11.24,0.02,-0.00,0.03,frisson_allonge
733031,-0.17,-1.32,-11.05,-0.01,-0.01,0.08,frisson_allonge
733045,-0.46,-1.47,-10.76,-0.06,0.04,0.12,frisson_allonge
733059,-1.73,-1.25,-10.54,-0.15,0.32,0.12,frisson_allonge
733073,-2.10,-0.81,-10.79,-0.20,0.90,0.09,frisson_allonge
733087,-1.25,-0.41,-11.39,-0.19,1.30,0.03,frisson_allonge
733101,-0.94,-0.53,-11.68,-0.13,1.14,-0.03,frisson_allonge
733115,-0.74,-0.68,-11.98,-0.08,0.97,-0.10,frisson_allonge
733129,0.22,-0.63,-12.18,-0.04,0.85,-0.14,frisson_allonge
733143,1.03,-0.62,-12.29,0.00,0.63,-0.14,frisson_allonge
733157,1.57,-0.58,-12.04,0.06,0.34,-0.11,frisson_allonge
733171,1.62,-0.70,-11.77,0.11,0.03,-0.07,frisson_allonge
733185,1.57,-0.79,-11.47,0.14,-0.22,-0.02,frisson_allonge
733199,1.28,-1.12,-10.95,0.12,-0.38,0.02,frisson_allonge
733213,0.63,-1.17,-10.85,0.07,-0.44,0.03,frisson_allonge
733227,0.13,-1.02,-11.13,0.02,-0.42,0.04,frisson_allonge
733241,-0.37,-0.95,-11.36,0.01,-0.37,0.05,frisson_allonge
733255,-0.64,-0.82,-11.53,0.03,-0.35,0.04,frisson_allonge
733269,-0.95,-0.87,-11.52,0.04,-0.30,0.03,frisson_allonge
733283,-0.87,-0.89,-11.46,0.04,-0.17,0.01,frisson_allonge
733297,-0.68,-0.91,-11.33,0.04,-0.03,-0.01,frisson_allonge
733311,-0.46,-0.96,-11.21,0.03,0.03,-0.01,frisson_allonge
733325,-0.14,-0.95,-11.31,0.02,0.05,-0.01,frisson_allonge
733339,0.08,-0.89,-11.39,0.03,0.02,-0.01,frisson_allonge
733353,0.28,-0.89,-11.46,0.04,-0.04,-0.00,frisson_allonge
733367,0.50,-0.92,-11.49,0.05,-0.13,0.02,frisson_allonge
733381,0.22,-0.91,-11.45,0.06,-0.26,0.06,frisson_allonge
733395,-0.23,-0.94,-11.46,0.04,-0.27,0.07,frisson_allonge
733409,-0.60,-0.88,-11.40,0.04,-0.22,0.06,frisson_allonge
733423,-0.68,-0.97,-11.26,0.03,-0.14,0.04,frisson_allonge
733437,-0.86,-1.07,-10.99,0.01,-0.09,0.01,frisson_allonge
733451,-1.73,-1.23,-10.65,-0.04,0.13,-0.03,frisson_allonge
733465,-1.82,-1.00,-11.07,-0.10,0.53,-0.09,frisson_allonge
733479,-1.01,-0.86,-11.22,-0.11,0.77,-0.11,frisson_allonge
733493,-0.03,-0.86,-11.47,-0.08,0.72,-0.07,frisson_allonge
733507,0.43,-0.92,-11.54,-0.05,0.54,-0.02,frisson_allonge
733521,0.39,-1.10,-11.38,-0.06,0.42,0.01,frisson_allonge
733535,0.57,-0.76,-11.64,-0.06,0.37,0.02,frisson_allonge
733549,0.80,-0.70,-11.72,-0.03,0.25,0.04,frisson_allonge
733563,0.92,-0.60,-11.73,0.01,0.05,0.04,frisson_allonge
733577,0.85,-0.63,-11.66,0.04,-0.14,0.03,frisson_allonge
733591,0.85,-0.70,-11.63,0.07,-0.30,0.03,frisson_allonge
733605,0.67,-0.73,-11.60,0.10,-0.46,0.03,frisson_allonge
733619,0.05,-0.91,-11.45,0.10,-0.54,0.03,frisson_allonge
733633,-0.43,-0.87,-11.52,0.09,-0.48,0.01,frisson_allonge
733647,-0.96,-0.99,-11.23,0.07,-0.34,-0.02,frisson_allonge
733661,-1.00,-1.04,-11.10,0.04,-0.18,-0.03,frisson_allonge
733675,-0.91,-1.02,-10.86,0.02,-0.09,-0.03,frisson_allonge
733689,-0.81,-1.10,-10.87,0.00,-0.04,0.00,frisson_allonge
733703,-0.80,-1.01,-11.13,-0.02,0.06,0.02,frisson_allonge
733717,-1.04,-1.00,-11.18,-0.04,0.22,0.00,frisson_allonge
733731,-0.75,-1.02,-11.31,-0.05,0.37,-0.02,frisson_allonge
733745,-0.51,-0.95,-11.46,-0.06,0.48,-0.05,frisson_allonge
733759,0.14,-0.83,-11.55,-0.06,0.52,-0.04,frisson_allonge
733773,0.43,-0.85,-11.69,-0.04,0.42,-0.02,frisson_allonge
733787,0.61,-0.78,-11.75,-0.02,0.28,0.01,frisson_allonge
733801,0.57,-0.77,-11.48,-0.01,0.13,0.03,frisson_allonge
733815,0.69,-0.86,-11.28,-0.01,0.05,0.05,frisson_allonge
733829,0.37,-0.98,-11.07,-0.02,-0.02,0.08,frisson_allonge
733843,0.07,-0.96,-11.29,-0.05,-0.02,0.09,frisson_allonge
733857,-0.21,-0.84,-11.58,-0.05,-0.03,0.08,frisson_allonge
733871,-0.37,-0.74,-11.69,-0.03,-0.08,0.05,frisson_allonge
733885,-0.50,-0.69,-11.63,0.01,-0.04,0.02,frisson_allonge
733899,-0.42,-0.82,-11.36,0.02,0.03,-0.01,frisson_allonge
733913,-0.18,-0.66,-11.48,0.01,0.10,-0.04,frisson_allonge
733927,0.34,-0.67,-11.45,0.03,0.09,-0.05,frisson_allonge
733941,0.96,-1.01,-11.26,0.05,-0.08,0.02,frisson_allonge
733955,0.68,-0.97,-11.27,0.04,-0.29,0.10,frisson_allonge
733969,-0.44,-1.17,-11.13,-0.01,-0.29,0.13,frisson_allonge
733983,-0.89,-0.73,-11.39,-0.04,-0.17,0.11,frisson_allonge
733997,-1.11,-0.63,-11.40,-0.03,0.07,0.07,frisson_allonge
734011,-1.08,-0.74,-11.34,-0.00,0.18,0.01,frisson_allonge
734025,-1.15,-0.82,-11.32,-0.01,0.33,-0.06,frisson_allonge
734039,-0.55,-0.67,-11.51,-0.02,0.49,-0.10,frisson_allonge
734053,0.37,-0.79,-11.50,-0.00,0.48,-0.10,frisson_allonge
734067,0.85,-0.85,-11.41,0.01,0.26,-0.05,frisson_allonge
734081,1.17,-0.87,-11.53,0.01,0.05,0.02,frisson_allonge
734095,1.30,-0.81,-11.48,0.03,-0.16,0.10,frisson_allonge
734109,0.50,-1.02,-11.25,0.03,-0.35,0.15,frisson_allonge
734123,-0.16,-0.83,-11.43,-0.00,-0.33,0.15,frisson_allonge
734137,-0.73,-0.72,-11.46,-0.01,-0.18,0.11,frisson_allonge
734151,-0.91,-0.67,-11.41,-0.00,0.01,0.06,frisson_allonge
734165,-0.88,-0.70,-11.43,0.00,0.08,-0.01,frisson_allonge
734179,-0.87,-0.70,-11.42,0.01,0.16,-0.06,frisson_allonge
734193,-0.31,-0.66,-11.50,0.02,0.25,-0.09,frisson_allonge
734207,0.43,-0.82,-11.44,0.03,0.20,-0.09,frisson_allonge
734221,0.71,-0.93,-11.39,0.04,0.07,-0.03,frisson_allonge
734235,0.74,-0.86,-11.48,0.04,-0.09,0.02,frisson_allonge
734249,0.06,-0.95,-11.35,0.03,-0.16,0.04,frisson_allonge
734263,-0.43,-0.83,-11.41,0.02,-0.11,0.02,frisson_allonge
734277,-0.59,-0.79,-11.41,0.02,-0.03,-0.00,frisson_allonge
734291,-0.49,-0.75,-11.40,0.02,0.02,-0.03,frisson_allonge
734305,-0.25,-0.79,-11.38,0.03,0.05,-0.05,frisson_allonge
734319,0.05,-0.84,-11.33,0.02,0.05,-0.05,frisson_allonge
734333,0.23,-0.97,-11.27,0.02,-0.00,-0.01,frisson_allonge
734347,0.46,-0.95,-11.42,0.02,-0.09,0.04,frisson_allonge
734361,0.01,-0.97,-11.37,0.02,-0.17,0.07,frisson_allonge
734375,-0.39,-0.81,-11.46,0.01,-0.15,0.07,frisson_allonge
734389,-0.68,-0.76,-11.43,0.01,-0.08,0.05,frisson_allonge
734403,-0.71,-0.70,-11.40,0.02,0.01,0.01,frisson_allonge
734417,-0.55,-0.78,-11.27,0.01,0.10,-0.02,frisson_allonge
734431,-0.36,-0.85,-11.26,0.00,0.17,-0.04,frisson_allonge
734445,-0.01,-1.02,-11.31,-0.01,0.21,-0.03,frisson_allonge
734459,0.06,-0.92,-11.40,-0.02,0.17,0.00,frisson_allonge
734473,-0.13,-0.86,-11.48,-0.01,0.10,0.04,frisson_allonge
734487,-0.30,-0.79,-11.44,-0.01,0.13,0.05,frisson_allonge
734501,-0.30,-0.75,-11.36,-0.00,0.17,0.04,frisson_allonge
734515,-0.47,-0.83,-11.29,-0.01,0.23,0.01,frisson_allonge
734529,-0.25,-0.69,-11.47,-0.00,0.29,-0.02,frisson_allonge
734543,0.10,-0.69,-11.57,0.01,0.28,-0.05,frisson_allonge
734557,0.47,-0.77,-11.54,0.03,0.18,-0.05,frisson_allonge
734571,0.80,-0.85,-11.48,0.05,0.06,-0.02,frisson_allonge
734585,0.69,-0.94,-11.42,0.05,-0.10,0.01,frisson_allonge
734599,0.60,-0.90,-11.38,0.05,-0.26,0.06,frisson_allonge
734613,-0.21,-1.04,-11.17,0.03,-0.29,0.08,frisson_allonge
734627,-0.63,-0.85,-11.36,-0.00,-0.18,0.08,frisson_allonge
734641,-1.16,-0.73,-11.33,-0.01,0.02,0.03,frisson_allonge
734655,-1.24,-0.74,-11.33,-0.01,0.27,-0.02,frisson_allonge
734669,-0.92,-0.76,-11.34,-0.00,0.41,-0.07,frisson_allonge
734683,-0.17,-0.80,-11.42,-0.00,0.51,-0.09,frisson_allonge
734697,0.69,-0.87,-11.45,0.01,0.43,-0.07,frisson_allonge
734711,1.19,-0.88,-11.52,0.02,0.26,-0.02,frisson_allonge
734725,1.16,-0.81,-11.61,0.02,0.00,0.03,frisson_allonge
734739,0.86,-0.78,-11.41,0.03,-0.21,0.06,frisson_allonge
734753,0.21,-0.91,-11.26,0.01,-0.28,0.06,frisson_allonge
734767,-0.28,-0.80,-11.35,-0.00,-0.24,0.03,frisson_allonge
734781,-0.67,-0.72,-11.44,0.00,-0.11,0.01,frisson_allonge
734795,-0.75,-0.79,-11.46,0.01,0.01,-0.02,frisson_allonge
734809,-0.60,-0.82,-11.42,0.01,0.14,-0.04,frisson_allonge
734823,-0.08,-0.88,-11.41,0.02,0.21,-0.04,frisson_allonge
734837,0.22,-0.89,-11.38,0.02,0.18,-0.01,frisson_allonge
734851,0.35,-0.86,-11.41,0.02,0.12,0.01,frisson_allonge
734865,0.37,-0.84,-11.47,0.02,0.06,0.02,frisson_allonge
734879,0.40,-0.81,-11.37,0.02,-0.00,0.02,frisson_allonge
734893,0.24,-0.85,-11.38,0.02,-0.05,0.02,frisson_allonge
734907,0.02,-0.82,-11.43,0.02,-0.06,0.02,frisson_allonge
734921,-0.21,-0.88,-11.37,0.01,-0.05,0.01,frisson_allonge
734935,-0.33,-0.88,-11.42,0.00,0.00,0.00,frisson_allonge
734949,-0.51,-0.85,-11.38,-0.01,0.10,-0.01,frisson_allonge
734963,-0.54,-0.84,-11.36,-0.01,0.22,-0.03,frisson_allonge
734977,-0.38,-0.81,-11.43,-0.03,0.33,-0.06,frisson_allonge
734991,0.03,-0.79,-11.43,-0.02,0.36,-0.07,frisson_allonge
735005,0.52,-0.78,-11.43,-0.01,0.29,-0.06,frisson_allonge
735019,0.89,-0.77,-11.47,0.01,0.14,-0.02,frisson_allonge
735033,0.87,-0.74,-11.43,0.02,-0.00,0.03,frisson_allonge
735047,0.65,-0.82,-11.35,0.02,-0.09,0.06,frisson_allonge
735061,0.24,-0.81,-11.44,0.02,-0.15,0.06,frisson_allonge
735075,0.13,-0.79,-11.53,0.03,-0.18,0.06,frisson_allonge
735089,0.03,-0.83,-11.52,0.04,-0.20,0.05,frisson_allonge
735103,-0.10,-0.83,-11.36,0.04,-0.19,0.03,frisson_allonge
735117,-0.27,-0.83,-11.30,0.03,-0.13,0.02,frisson_allonge
735131,-0.44,-0.78,-11.34,0.02,-0.05,-0.00,frisson_allonge
735145,-0.56,-0.79,-11.31,0.01,0.05,-0.02,frisson_allonge
735159,-0.53,-0.83,-11.37,0.00,0.18,-0.04,frisson_allonge
735173,-0.13,-0.91,-11.33,0.00,0.25,-0.05,frisson_allonge
735187,0.30,-0.91,-11.32,0.00,0.22,-0.03,frisson_allonge
735201,0.41,-0.97,-11.44,-0.01,0.14,0.01,frisson_allonge
735215,0.29,-0.77,-11.57,0.00,0.07,0.02,frisson_allonge
735229,0.20,-0.68,-11.49,0.02,0.03,0.02,frisson_allonge
735243,0.28,-0.68,-11.47,0.03,-0.02,0.02,frisson_allonge
735257,0.39,-0.71,-11.34,0.04,-0.08,0.01,frisson_allonge
735271,0.30,-0.89,-11.24,0.04,-0.12,0.01,frisson_allonge
735285,-0.00,-0.95,-11.28,0.01,-0.10,0.01,frisson_allonge
735299,-0.34,-0.86,-11.39,-0.00,-0.05,0.00,frisson_allonge
735313,-0.65,-0.80,-11.46,-0.01,0.05,-0.01,frisson_allonge
735327,-0.80,-0.79,-11.56,-0.00,0.20,-0.03,frisson_allonge
735341,-0.37,-0.80,-11.46,0.01,0.32,-0.05,frisson_allonge
735355,0.32,-0.85,-11.34,0.01,0.30,-0.04,frisson_allonge
735369,0.79,-0.88,-11.36,0.02,0.19,-0.00,frisson_allonge
735383,0.85,-0.76,-11.52,0.02,0.04,0.02,frisson_allonge
735397,0.71,-0.77,-11.49,0.04,-0.10,0.04,frisson_allonge
735411,0.40,-0.87,-11.37,0.05,-0.21,0.05,frisson_allonge
735425,0.03,-0.94,-11.32,0.02,-0.21,0.03,frisson_allonge
735439,-0.26,-0.83,-11.34,0.01,-0.16,0.02,frisson_allonge
735453,-0.61,-0.88,-11.36,0.00,-0.07,-0.00,frisson_allonge
735467,-0.80,-0.86,-11.53,0.00,0.09,-0.03,frisson_allonge
735481,-0.55,-0.81,-11.45,0.01,0.21,-0.05,frisson_allonge
735495,0.14,-0.79,-11.46,0.03,0.23,-0.05,frisson_allonge
735509,0.57,-0.87,-11.38,0.03,0.16,-0.03,frisson_allonge
735523,0.74,-0.88,-11.46,0.03,0.04,0.01,frisson_allonge
735537,0.61,-0.74,-11.46,0.04,-0.08,0.03,frisson_allonge
735551,0.33,-0.77,-11.42,0.05,-0.17,0.04,frisson_allonge
735565,0.05,-0.94,-11.31,0.04,-0.19,0.04,frisson_allonge
735579,-0.24,-0.91,-11.38,0.02,-0.14,0.02,frisson_allonge
735593,-0.53,-0.80,-11.42,0.01,-0.05,0.00,frisson_allonge
735607,-0.68,-0.85,-11.43,0.01,0.06,-0.02,frisson_allonge
735621,-0.67,-0.82,-11.37,0.01,0.18,-0.03,frisson_allonge
735635,-0.26,-0.83,-11.41,0.00,0.29,-0.05,frisson_allonge
735649,0.20,-0.88,-11.39,0.01,0.28,-0.04,frisson_allonge
735663,0.60,-0.94,-11.37,0.02,0.19,-0.00,frisson_allonge
735677,0.72,-0.96,-11.47,0.02,0.06,0.03,frisson_allonge
735691,0.45,-0.90,-11.45,0.02,-0.05,0.05,frisson_allonge
735705,0.20,-0.81,-11.54,0.02,-0.09,0.05,frisson_allonge
735719,-0.29,-0.82,-11.42,0.01,-0.04,0.03,frisson_allonge
735733,-0.51,-0.76,-11.40,0.01,0.08,-0.01,frisson_allonge
735747,-0.37,-0.78,-11.47,0.01,0.17,-0.04,frisson_allonge
735761,-0.11,-0.80,-11.48,0.02,0.20,-0.05,frisson_allonge
735775,0.44,-0.88,-11.43,0.04,0.17,-0.04,frisson_allonge
735789,0.61,-0.95,-11.48,0.04,0.05,-0.01,frisson_allonge
735803,0.58,-0.87,-11.42,0.04,-0.04,0.02,frisson_allonge
735817,0.54,-0.74,-11.50,0.05,-0.13,0.04,frisson_allonge
735831,0.15,-0.88,-11.18,0.05,-0.19,0.06,frisson_allonge
735845,-0.33,-0.85,-11.25,0.01,-0.11,0.05,frisson_allonge
735859,-0.75,-0.94,-11.26,-0.01,0.10,0.00,frisson_allonge
735873,-0.70,-0.88,-11.38,-0.01,0.23,-0.04,frisson_allonge
735887,-0.30,-0.85,-11.49,0.01,0.25,-0.06,frisson_allonge
735901,0.27,-0.91,-11.40,0.02,0.25,-0.05,frisson_allonge
735915,0.53,-0.88,-11.43,0.01,0.20,-0.02,frisson_allonge
735929,0.73,-0.79,-11.61,0.00,0.09,0.01,frisson_allonge
735943,0.62,-0.77,-11.60,0.02,-0.02,0.04,frisson_allonge
735957,0.52,-0.75,-11.59,0.04,-0.13,0.05,frisson_allonge
735971,0.11,-0.96,-11.23,0.05,-0.17,0.04,frisson_allonge
735985,-0.29,-0.97,-11.24,0.04,-0.09,0.00,frisson_allonge
735999,-0.41,-0.88,-11.39,0.02,0.03,-0.04,frisson_allonge
736013,-0.43,-0.92,-11.45,0.02,0.14,-0.07,frisson_allonge
736027,-0.05,-0.92,-11.54,0.02,0.18,-0.06,frisson_allonge
736041,0.30,-0.90,-11.48,0.02,0.16,-0.04,frisson_allonge
736055,0.59,-0.87,-11.45,0.03,0.07,0.02,frisson_allonge
736069,0.41,-0.85,-11.39,0.04,-0.02,0.05,frisson_allonge
736083,0.43,-0.84,-11.33,0.04,-0.08,0.07,frisson_allonge
736097,0.21,-0.87,-11.23,0.03,-0.12,0.06,frisson_allonge
736111,0.00,-0.90,-11.30,0.03,-0.10,0.04,frisson_allonge
736125,-0.25,-0.84,-11.45,0.01,-0.02,0.01,frisson_allonge
736139,-0.29,-0.93,-11.49,0.02,0.05,-0.03,frisson_allonge
736153,-0.23,-1.00,-11.48,0.01,0.10,-0.05,frisson_allonge
736167,0.00,-0.88,-11.43,0.02,0.13,-0.06,frisson_allonge
736181,0.45,-1.05,-11.28,0.02,0.09,-0.02,frisson_allonge
736195,0.57,-1.05,-11.31,0.01,-0.01,0.04,frisson_allonge
736209,0.23,-0.96,-11.29,0.01,-0.09,0.07,frisson_allonge
736223,-0.50,-0.72,-11.44,0.00,-0.03,0.05,frisson_allonge
736237,-0.79,-0.66,-11.49,0.02,0.13,-0.01,frisson_allonge
736251,-0.51,-0.75,-11.52,0.04,0.26,-0.08,frisson_allonge
736265,0.39,-0.97,-11.38,0.04,0.24,-0.11,frisson_allonge
736279,0.60,-1.02,-11.57,0.04,0.14,-0.06,frisson_allonge
736293,0.78,-1.19,-11.33,0.03,0.09,0.01,frisson_allonge
736307,0.72,-1.04,-11.25,0.02,-0.03,0.07,frisson_allonge
736321,0.24,-0.98,-11.13,0.01,-0.11,0.09,frisson_allonge
736335,-0.49,-0.81,-11.33,0.00,-0.04,0.07,frisson_allonge
736349,-0.21,-0.83,-11.34,0.01,0.08,0.03,frisson_allonge
736363,-0.26,-0.89,-11.52,0.01,0.15,0.00,frisson_allonge
736377,-0.01,-0.91,-11.63,0.01,0.20,-0.02,frisson_allonge
736391,-0.04,-0.95,-11.48,0.01,0.23,-0.03,frisson_allonge
736405,0.59,-1.08,-11.35,0.01,0.19,-0.01,frisson_allonge
736419,0.60,-1.06,-11.26,-0.00,0.09,0.03,frisson_allonge
736433,0.37,-0.85,-11.41,-0.01,0.03,0.04,frisson_allonge
736447,-0.12,-0.63,-11.57,0.02,0.03,0.02,frisson_allonge
736461,-0.17,-0.71,-11.59,0.05,0.06,-0.04,frisson_allonge
736475,0.11,-0.87,-11.41,0.06,0.08,-0.09,frisson_allonge
736489,0.86,-1.15,-11.27,0.05,0.07,-0.07,frisson_allonge
736503,1.18,-1.18,-11.42,0.04,0.00,0.01,frisson_allonge
736517,0.92,-1.18,-11.28,0.02,-0.14,0.09,frisson_allonge
736531,0.27,-1.01,-11.21,0.01,-0.24,0.14,frisson_allonge
736545,-0.21,-1.03,-11.15,-0.01,-0.21,0.15,frisson_allonge
736559,-0.72,-0.59,-11.37,-0.02,-0.11,0.10,frisson_allonge
736573,-1.00,-0.62,-11.41,-0.01,0.07,0.03,frisson_allonge
736587,-0.94,-0.46,-11.69,0.01,0.25,-0.05,frisson_allonge
736601,-0.59,-0.65,-11.64,0.04,0.36,-0.14,frisson_allonge
736615,-0.19,-0.88,-11.61,0.05,0.39,-0.20,frisson_allonge
736629,1.18,-1.13,-11.51,0.06,0.33,-0.19,frisson_allonge
736643,1.45,-1.40,-11.35,0.05,0.11,-0.08,frisson_allonge
736657,1.17,-1.30,-11.40,0.03,-0.07,0.01,frisson_allonge
736671,0.71,-1.28,-11.02,0.01,-0.11,0.08,frisson_allonge
736685,0.28,-0.91,-11.17,-0.00,-0.12,0.07,frisson_allonge
736699,0.06,-0.80,-11.20,0.00,-0.11,0.04,frisson_allonge
736713,-0.02,-0.74,-11.39,0.01,-0.07,0.02,frisson_allonge
736727,-0.13,-0.82,-11.46,0.01,0.01,-0.01,frisson_allonge
736741,-0.26,-0.84,-11.60,0.00,0.10,-0.04,frisson_allonge
736755,0.04,-0.94,-11.56,0.01,0.16,-0.06,frisson_allonge
736769,0.41,-1.08,-11.33,0.02,0.11,-0.04,frisson_allonge
736783,0.64,-1.13,-11.31,0.01,0.05,-0.01,frisson_allonge
736797,0.52,-0.98,-11.29,0.01,0.00,0.02,frisson_allonge
736811,0.27,-0.99,-11.28,0.01,-0.04,0.04,frisson_allonge
736825,0.09,-0.90,-11.41,0.01,-0.02,0.03,frisson_allonge
736839,-0.09,-0.95,-11.34,-0.01,0.02,0.02,frisson_allonge
736853,0.30,-0.97,-11.41,-0.01,0.03,0.02,frisson_allonge
736867,0.42,-0.96,-11.41,-0.01,-0.03,0.04,frisson_allonge
736881,0.54,-1.06,-11.28,-0.02,-0.09,0.07,frisson_allonge
736895,0.08,-0.97,-11.24,-0.03,-0.09,0.10,frisson_allonge
736909,-0.26,-0.78,-11.29,-0.04,0.07,0.09,frisson_allonge
736923,-0.73,-0.60,-11.37,-0.03,0.21,0.06,frisson_allonge
736937,-0.77,-0.61,-11.72,-0.01,0.33,-0.02,frisson_allonge
736951,-0.34,-0.74,-11.86,0.01,0.38,-0.07,frisson_allonge
736965,0.51,-1.00,-11.87,0.02,0.38,-0.09,frisson_allonge
736979,0.94,-1.06,-11.67,0.02,0.30,-0.06,frisson_allonge
736993,1.08,-0.99,-11.42,0.01,0.18,-0.03,frisson_allonge
737007,0.76,-0.98,-11.19,0.02,0.06,0.00,frisson_allonge
737021,0.78,-1.01,-11.13,0.03,-0.04,0.02,frisson_allonge
737035,1.21,-0.93,-11.42,0.04,-0.17,0.04,frisson_allonge
737049,1.33,-1.17,-11.23,0.05,-0.40,0.10,frisson_allonge
737063,0.45,-1.07,-11.37,0.02,-0.46,0.13,frisson_allonge
737077,-0.60,-0.65,-11.62,0.01,-0.34,0.11,frisson_allonge
737091,-1.57,-0.54,-11.45,0.03,-0.04,0.03,frisson_allonge
737105,-1.44,-0.62,-11.39,0.04,0.26,-0.09,frisson_allonge
737119,-0.50,-0.98,-11.23,0.04,0.44,-0.13,frisson_allonge
737133,0.39,-1.20,-11.10,0.02,0.47,-0.09,frisson_allonge
737147,0.90,-1.17,-11.30,0.01,0.36,-0.03,frisson_allonge
737161,0.82,-0.99,-11.52,0.00,0.23,0.01,frisson_allonge
737175,0.81,-0.91,-11.44,0.01,0.14,0.01,frisson_allonge
737189,0.88,-0.80,-11.48,0.02,0.08,-0.00,frisson_allonge
737203,0.81,-0.87,-11.34,0.02,0.06,-0.00,frisson_allonge
737217,0.60,-0.83,-11.29,0.01,0.01,0.00,frisson_allonge
737231,0.44,-0.93,-11.30,0.01,-0.01,0.00,frisson_allonge
737245,0.30,-0.97,-11.51,0.00,-0.04,0.01,frisson_allonge
737259,0.23,-1.00,-11.57,0.01,-0.07,0.01,frisson_allonge
737273,0.40,-1.08,-11.56,0.02,-0.07,0.02,frisson_allonge
737287,0.60,-1.04,-11.42,0.01,-0.11,0.04,frisson_allonge
737301,0.66,-1.08,-11.15,-0.01,-0.17,0.08,frisson_allonge
737315,0.19,-0.89,-11.09,-0.04,-0.12,0.10,frisson_allonge
737329,-0.59,-0.78,-11.16,-0.04,0.09,0.08,frisson_allonge
737343,-0.79,-0.76,-11.28,-0.04,0.36,0.02,frisson_allonge
737357,-0.81,-0.59,-11.75,-0.01,0.47,-0.06,frisson_allonge
737371,-0.25,-0.63,-12.04,0.02,0.55,-0.14,frisson_allonge
737385,0.96,-1.01,-11.68,0.05,0.50,-0.16,frisson_allonge
737399,1.84,-1.17,-11.52,0.05,0.29,-0.07,frisson_allonge
737413,1.99,-1.08,-11.51,0.04,0.03,0.03,frisson_allonge
737427,1.30,-1.07,-11.04,0.03,-0.16,0.08,frisson_allonge
737441,0.60,-0.91,-11.10,0.01,-0.23,0.08,frisson_allonge
737455,0.08,-0.76,-11.10,-0.01,-0.17,0.04,frisson_allonge
737469,-0.32,-0.74,-11.27,-0.02,0.01,0.00,frisson_allonge
737483,-0.32,-0.78,-11.49,-0.01,0.16,-0.03,frisson_allonge
737497,-0.18,-0.86,-11.70,-0.01,0.25,-0.05,frisson_allonge
737511,0.51,-0.97,-11.65,0.00,0.25,-0.04,frisson_allonge
737525,1.15,-1.05,-11.52,0.01,0.14,-0.00,frisson_allonge
737539,1.54,-1.08,-11.30,0.02,-0.07,0.06,frisson_allonge
737553,1.28,-0.90,-11.30,0.00,-0.22,0.10,frisson_allonge
737567,0.81,-0.82,-11.39,0.00,-0.32,0.10,frisson_allonge
737581,0.10,-0.66,-11.50,0.02,-0.30,0.06,frisson_allonge
737595,0.16,-0.82,-11.45,0.04,-0.22,0.02,frisson_allonge
737609,0.23,-0.88,-11.41,0.04,-0.17,0.00,frisson_allonge
737623,0.45,-1.08,-11.13,0.02,-0.16,0.02,frisson_allonge
737637,0.28,-1.04,-11.22,0.00,-0.15,0.06,frisson_allonge
737651,-0.01,-1.00,-11.30,-0.00,-0.15,0.07,frisson_allonge
737665,-0.60,-0.89,-11.31,-0.00,-0.03,0.05,frisson_allonge
737679,-0.56,-0.70,-11.70,0.01,0.13,-0.02,frisson_allonge
737693,0.04,-0.66,-11.65,0.05,0.18,-0.08,frisson_allonge
737707,0.47,-0.75,-11.59,0.07,0.08,-0.12,frisson_allonge
737721,1.10,-0.97,-11.34,0.08,-0.03,-0.11,frisson_allonge
737735,1.16,-1.41,-10.92,0.04,-0.09,-0.02,frisson_allonge
737749,0.78,-0.99,-11.31,0.00,-0.12,0.06,frisson_allonge
737763,-0.01,-1.04,-10.98,-0.01,-0.07,0.08,frisson_allonge
737777,-0.60,-0.77,-11.33,-0.02,0.03,0.05,frisson_allonge
737791,-0.57,-0.75,-11.40,-0.00,0.12,0.00,frisson_allonge
737805,-0.21,-0.76,-11.60,0.00,0.17,-0.04,frisson_allonge
737819,0.30,-0.81,-11.73,0.02,0.17,-0.06,frisson_allonge
737833,0.78,-0.92,-11.64,0.03,0.10,-0.06,frisson_allonge
737847,1.13,-1.11,-11.46,0.04,-0.01,-0.02,frisson_allonge
737861,1.37,-1.09,-11.31,0.04,-0.18,0.05,frisson_allonge
737875,0.61,-1.15,-11.06,0.01,-0.29,0.10,frisson_allonge
737889,-0.07,-0.87,-11.29,-0.02,-0.26,0.10,frisson_allonge
737903,-0.65,-0.66,-11.42,-0.02,-0.20,0.06,frisson_allonge
737917,-1.19,-0.66,-11.66,0.01,-0.04,-0.01,frisson_allonge
737931,-1.15,-0.67,-11.86,0.03,0.20,-0.10,frisson_allonge
737945,-0.55,-0.82,-11.64,0.06,0.36,-0.18,frisson_allonge
737959,-0.20,-0.87,-11.44,0.06,0.40,-0.22,frisson_allonge
737973,0.79,-1.00,-11.28,0.08,0.24,-0.22,frisson_allonge
737987,1.04,-1.21,-11.25,0.07,0.05,-0.16,frisson_allonge
738001,0.99,-1.28,-11.18,0.06,-0.11,-0.07,frisson_allonge
738015,0.79,-1.34,-11.15,0.03,-0.13,0.03,frisson_allonge
738029,1.04,-1.15,-11.16,0.01,-0.14,0.09,frisson_allonge
738043,0.74,-0.95,-11.18,-0.02,-0.17,0.10,frisson_allonge
738057,0.34,-0.76,-11.43,-0.03,-0.16,0.08,frisson_allonge
738071,0.15,-0.72,-11.34,-0.02,-0.10,0.06,frisson_allonge
738085,0.03,-0.79,-11.42,-0.02,-0.02,0.05,frisson_allonge
738099,-0.42,-0.78,-11.50,-0.02,0.08,0.04,frisson_allonge
738113,-0.57,-0.85,-11.58,-0.01,0.14,0.00,frisson_allonge
738127,-0.68,-0.94,-11.48,0.00,0.18,-0.04,frisson_allonge
738141,-0.82,-0.87,-11.50,0.01,0.32,-0.10,frisson_allonge
738155,-0.07,-0.97,-11.42,0.01,0.46,-0.13,frisson_allonge
738169,0.79,-1.09,-11.27,0.01,0.43,-0.11,frisson_allonge
738183,1.86,-1.20,-11.23,-0.00,0.20,0.01,frisson_allonge
738197,2.07,-1.14,-11.16,-0.02,-0.08,0.15,frisson_allonge
738211,1.59,-1.09,-11.26,-0.03,-0.29,0.26,frisson_allonge
738225,0.69,-1.05,-11.15,-0.05,-0.37,0.34,frisson_allonge
738239,-0.24,-0.79,-11.35,-0.07,-0.22,0.33,frisson_allonge
738253,-0.42,-0.52,-11.54,-0.07,0.05,0.25,frisson_allonge
738267,-0.65,-0.60,-11.68,-0.06,0.15,0.16,frisson_allonge
738281,-0.88,-0.56,-12.05,-0.02,0.12,0.04,frisson_allonge
738295,-1.07,-0.69,-11.89,0.03,0.13,-0.07,frisson_allonge
738309,-0.22,-0.89,-11.45,0.04,0.27,-0.12,frisson_allonge
738323,0.72,-1.09,-11.22,0.04,0.22,-0.09,frisson_allonge
738337,1.32,-1.13,-11.18,0.02,0.06,-0.00,frisson_allonge
738351,1.32,-1.15,-11.10,0.00,-0.08,0.08,frisson_allonge
738365,0.61,-1.03,-11.18,-0.02,-0.19,0.13,frisson_allonge
738379,-0.06,-0.87,-11.32,-0.03,-0.15,0.12,frisson_allonge
738393,-0.67,-0.75,-11.42,-0.02,-0.01,0.07,frisson_allonge
738407,-0.87,-0.42,-12.00,0.01,0.16,-0.03,frisson_allonge
738421,-0.81,-0.50,-12.04,0.05,0.26,-0.14,frisson_allonge
738435,0.25,-0.79,-11.57,0.08,0.23,-0.21,frisson_allonge
738449,1.58,-1.10,-11.06,0.08,0.03,-0.17,frisson_allonge
738463,2.45,-1.41,-10.66,0.04,-0.28,0.01,frisson_allonge
738477,1.32,-1.30,-10.62,-0.02,-0.47,0.16,frisson_allonge
738491,-0.21,-0.85,-10.93,-0.07,-0.40,0.19,frisson_allonge
738505,-1.44,-0.56,-11.24,-0.09,-0.07,0.12,frisson_allonge
738519,-1.19,-0.45,-11.76,-0.07,0.22,0.04,frisson_allonge
738533,-1.10,-0.36,-12.19,-0.03,0.31,-0.04,frisson_allonge
738547,-0.79,-0.39,-12.31,0.02,0.43,-0.12,frisson_allonge
738561,0.44,-0.84,-11.76,0.06,0.43,-0.16,frisson_allonge
738575,1.46,-1.29,-11.41,0.04,0.29,-0.09,frisson_allonge
738589,2.10,-1.34,-11.30,0.02,0.05,0.04,frisson_allonge
738603,1.67,-1.12,-11.18,0.02,-0.26,0.14,frisson_allonge
738617,0.83,-1.10,-10.85,0.02,-0.49,0.20,frisson_allonge
738631,0.02,-0.93,-11.04,-0.03,-0.42,0.20,frisson_allonge
738645,-1.23,-0.53,-11.38,-0.04,-0.16,0.16,frisson_allonge
738659,-1.78,-0.18,-11.97,-0.01,0.22,0.04,frisson_allonge
738673,-1.93,-0.20,-12.30,0.05,0.25,-0.14,frisson_allonge
738687,-0.72,-0.46,-12.01,0.11,0.29,-0.30,frisson_allonge
738701,1.37,-1.27,-11.00,0.10,0.15,-0.26,frisson_allonge
738715,1.88,-1.33,-11.11,0.07,-0.10,-0.10,frisson_allonge
738729,0.97,-1.31,-10.97,0.05,-0.27,0.03,frisson_allonge
738743,0.64,-1.18,-10.85,0.01,-0.24,0.09,frisson_allonge
738757,0.40,-0.85,-11.10,-0.00,-0.20,0.08,frisson_allonge
738771,-0.22,-0.66,-11.20,-0.00,-0.13,0.06,frisson_allonge
738785,-0.23,-0.62,-11.60,0.00,-0.04,0.04,frisson_allonge
738799,-0.31,-0.73,-11.75,0.01,0.04,0.01,frisson_allonge
738813,-0.28,-0.83,-11.78,0.02,0.09,-0.02,frisson_allonge
738827,-0.23,-1.01,-11.57,0.04,0.10,-0.04,frisson_allonge
738841,0.09,-1.09,-11.37,0.04,0.11,-0.05,frisson_allonge
738855,0.39,-1.11,-11.09,0.03,0.07,-0.04,frisson_allonge
738869,0.04,-0.97,-11.15,0.01,0.07,-0.03,frisson_allonge
738883,-0.12,-0.81,-11.34,0.00,0.12,-0.05,frisson_allonge
738897,-0.05,-0.76,-11.53,0.01,0.15,-0.06,frisson_allonge
738911,-0.02,-0.74,-11.65,0.02,0.14,-0.07,frisson_allonge
738925,0.00,-0.77,-11.73,0.04,0.14,-0.10,frisson_allonge
738939,0.37,-1.00,-11.49,0.05,0.12,-0.10,frisson_allonge
738953,0.41,-0.96,-11.50,0.05,0.06,-0.10,frisson_allonge
738967,1.43,-1.24,-11.14,0.05,-0.05,-0.03,frisson_allonge
738981,1.02,-1.21,-11.03,0.02,-0.22,0.09,frisson_allonge
738995,0.38,-1.12,-10.99,-0.03,-0.28,0.16,frisson_allonge
739009,-0.48,-0.85,-10.91,-0.07,-0.23,0.16,frisson_allonge
739023,-1.46,-0.55,-11.13,-0.09,0.07,0.11,frisson_allonge
739037,-1.18,-0.53,-11.33,-0.08,0.41,0.05,frisson_allonge
739051,-0.91,-0.50,-11.70,-0.05,0.62,-0.01,frisson_allonge
739065,-0.37,-0.62,-11.96,-0.00,0.68,-0.04,frisson_allonge
739079,0.36,-0.74,-12.11,0.03,0.66,-0.05,frisson_allonge
739093,0.91,-0.85,-11.87,0.06,0.55,-0.05,frisson_allonge
739107,1.33,-0.97,-11.43,0.08,0.39,-0.04,frisson_allonge
739121,1.87,-1.21,-11.11,0.08,0.16,-0.01,frisson_allonge
739135,1.77,-1.30,-10.80,0.05,-0.12,0.06,frisson_allonge
739149,1.30,-1.24,-10.85,-0.01,-0.34,0.12,frisson_allonge
739163,0.50,-1.01,-11.17,-0.06,-0.35,0.16,frisson_allonge
739177,0.01,-0.64,-11.53,-0.08,-0.29,0.15,frisson_allonge
739191,-0.74,-0.56,-11.65,-0.05,-0.18,0.11,frisson_allonge
739205,-1.38,-0.34,-11.77,-0.01,0.13,0.05,frisson_allonge
739219,-1.30,-0.62,-11.81,0.04,0.39,-0.06,frisson_allonge
739233,-0.84,-0.72,-11.94,0.08,0.54,-0.18,frisson_allonge
739247,0.56,-0.97,-11.67,0.11,0.56,-0.23,frisson_allonge
739261,1.82,-1.23,-11.29,0.10,0.38,-0.17,frisson_allonge
739275,2.15,-1.34,-10.90,0.05,0.12,-0.04,frisson_allonge
739289,1.77,-1.05,-10.87,-0.01,-0.09,0.07,frisson_allonge
739303,1.23,-0.92,-10.86,-0.05,-0.30,0.15,frisson_allonge
739317,0.47,-0.81,-11.04,-0.06,-0.38,0.16,frisson_allonge
739331,0.17,-0.78,-11.27,-0.07,-0.33,0.15,frisson_allonge
739345,-0.25,-0.74,-11.66,-0.06,-0.18,0.12,frisson_allonge
739359,-0.17,-0.72,-11.94,-0.04,-0.05,0.09,frisson_allonge
739373,-0.30,-0.62,-11.97,-0.00,0.01,0.05,frisson_allonge
739387,-0.47,-0.69,-11.88,0.03,0.03,-0.00,frisson_allonge
739401,-0.22,-0.62,-11.80,0.06,0.10,-0.07,frisson_allonge
739415,0.26,-0.72,-11.65,0.10,0.06,-0.15,frisson_allonge
739429,0.74,-0.91,-11.37,0.11,-0.04,-0.19,frisson_allonge
739443,1.83,-1.25,-10.92,0.09,-0.18,-0.12,frisson_allonge
739457,1.76,-1.40,-10.69,0.03,-0.35,0.05,frisson_allonge
739471,0.82,-1.13,-11.05,-0.04,-0.47,0.14,frisson_allonge
739485,-0.68,-0.74,-11.17,-0.05,-0.46,0.16,frisson_allonge
739499,-1.60,-0.69,-11.22,-0.04,-0.15,0.11,frisson_allonge
739513,-1.40,-0.58,-11.63,-0.02,0.18,0.02,frisson_allonge
739527,-0.97,-0.73,-11.81,0.01,0.36,-0.05,frisson_allonge
739541,0.04,-0.69,-11.79,0.03,0.47,-0.08,frisson_allonge
739555,0.58,-0.82,-11.77,0.05,0.40,-0.09,frisson_allonge
739569,0.74,-0.91,-11.54,0.06,0.25,-0.09,frisson_allonge
739583,1.12,-1.02,-11.23,0.05,0.09,-0.08,frisson_allonge
739597,1.26,-1.10,-11.12,0.04,-0.05,-0.03,frisson_allonge
739611,1.19,-1.03,-11.15,0.01,-0.17,0.04,frisson_allonge
739625,0.34,-0.88,-11.38,-0.02,-0.26,0.06,frisson_allonge
739639,-0.20,-0.74,-11.52,-0.02,-0.23,0.05,frisson_allonge
